t,X
0.0,-0.0002539211130927477
0.015008674456998092,-0.0018674001266656415
0.030017348913996184,-0.0017277131863048245
0.045026023370994275,-0.004698496415033615
0.06003469782799237,-0.013228978081278875
0.07504337228499046,-0.01505166785466261
0.09005204674198855,-0.016489509918633738
0.10506072119898664,-0.029872796477283803
0.12006939565598473,-0.04714026712305719
0.13507807011298284,-0.04972365920938249
0.15008674456998092,-0.05068820751290237
0.165095419026979,-0.054214518435830694
0.1801040934839771,-0.04877111992166083
0.1951127679409752,-0.03663609609557672
0.21012144239797328,-0.036175301676420246
0.22513011685497136,-0.026113784088393044
0.24013879131196947,-0.021583701989685178
0.2551474657689676,-0.024332484827547685
0.2701561402259657,-0.01287788275343682
0.28516481468296373,-0.0011794407609756474
0.30017348913996184,-0.0019713576027940993
0.31518216359695994,-0.001212234109182475
0.330190838053958,-0.005188824222744248
0.3451995125109561,-0.016811028928302774
0.3602081869679542,-0.011019524599026886
0.3752168614249523,-0.010916928461209174
0.3902255358819504,-0.010260104413416293
0.40523421033894846,-0.0015398727604222229
0.42024288479594657,-0.002501733249584359
0.4352515592529447,-0.00291468648043125
0.4502602337099427,-0.007894815864781135
0.46526890816694083,-0.01334544678430949
0.48027758262393894,-0.01677381093254826
0.49528625708093704,-0.01752269592454181
0.5102949315379351,-0.017610357718712222
0.5253036059949332,-0.019846643705680234
0.5403122804519314,-0.028500457502616205
0.5553209549089294,-0.042790034190878456
0.5703296293659275,-0.046744473421131416
0.5853383038229256,-0.046750325925995484
0.6003469782799237,-0.04709414781308496
0.6153556527369217,-0.04867479623916038
0.6303643271939199,-0.04868047341052606
0.6453730016509179,-0.05258435896780722
0.660381676107916,-0.054921102206266004
0.6753903505649141,-0.05345124591878969
0.6903990250219122,-0.041121495125739704
0.7054076994789104,-0.041127468888154106
0.7204163739359084,-0.05135552987706293
0.7354250483929065,-0.05805395526488999
0.7504337228499046,-0.05669756401935089
0.7654423973069027,-0.048318087239993424
0.7804510717639008,-0.048323622793833954
0.7954597462208989,-0.05690744120858737
0.8104684206778969,-0.06103315317327063
0.8254770951348951,-0.06048418545901202
0.8404857695918931,-0.05878935459944734
0.8554944440488912,-0.058793933671073884
0.8705031185058894,-0.05508926315718754
0.8855117929628874,-0.054261813915513435
0.9005204674198855,-0.05519235902167552
0.9155291418768836,-0.056586437938181855
0.9305378163338817,-0.05659098495491344
0.9455464907908798,-0.05659558946002452
0.9605551652478779,-0.0566000939294945
0.9755638397048759,-0.053012265977495865
0.9905725141618741,-0.04723479389732288
1.0055811886188721,-0.03290391683898053
1.0205898630758703,-0.029784891328341834
1.0355985375328682,-0.0430339077882157
1.0506072119898664,-0.048594338602445664
1.0656158864468646,-0.049754808135251016
1.0806245609038627,-0.04585582866792537
1.0956332353608607,-0.042322428463840156
1.1106419098178588,-0.018630576621667227
1.125650584274857,-0.01878053833770965
1.140659258731855,-0.018786045949045094
1.155667933188853,-0.018944407628337046
1.1706766076458512,-0.021966142499788788
1.1856852821028492,-0.020528418949584015
1.2006939565598473,-0.020258861228992897
1.2157026310168455,-0.01402998667721933
1.2307113054738434,-0.004310752540521823
1.2457199799308416,-0.003343906896312032
1.2607286543878398,-0.007813986379164528
1.2757373288448377,-0.013172496144069124
1.2907460033018359,-0.016469184782392232
1.305754677758834,-0.02721911925014142
1.320763352215832,-0.03010268179464215
1.3357720266728301,-0.030607451655256357
1.3507807011298283,-0.03763685439920017
1.3657893755868264,-0.04293932979923276
1.3807980500438244,-0.042243701459379945
1.3958067245008225,-0.03870769462118917
1.4108153989578207,-0.03400958008800026
1.4258240734148186,-0.04491921324593018
1.4408327478718168,-0.04491905420632092
1.455841422328815,-0.04826765871536687
1.470850096785813,-0.05237884744640875
1.485858771242811,-0.05459264052454649
1.5008674456998092,-0.052896851574454784
1.5158761201568072,-0.05162822584104099
1.5308847946138053,-0.05162521621987193
1.5458934690708035,-0.051653593106505524
1.5609021435278017,-0.056838408083509706
1.5759108179847996,-0.06825489281106722
1.5909194924417978,-0.07787605164659173
1.605928166898796,-0.07801026651611542
1.6209368413557939,-0.08249696335032353
1.635945515812792,-0.08181168695518326
1.6509541902697902,-0.07906928607087149
1.6659628647267881,-0.08718045289095255
1.6809715391837863,-0.09062133865821931
1.6959802136407844,-0.08714519965259937
1.7109888880977824,-0.08005208988357793
1.7259975625547805,-0.07750791495659048
1.7410062370117787,-0.06760433700749247
1.7560149114687766,-0.06669272352647682
1.7710235859257748,-0.057778889021550595
1.786032260382773,-0.060009719307494325
1.801040934839771,-0.06462790987090539
1.816049609296769,-0.07292560845106955
1.8310582837537672,-0.07192660454968769
1.8460669582107654,-0.0680077978857444
1.8610756326677633,-0.06288920585302005
1.8760843071247615,-0.06276544918472327
1.8910929815817596,-0.05573977536167396
1.9061016560387576,-0.039536151356774796
1.9211103304957557,-0.03205787324366238
1.936119004952754,-0.029641141650761593
1.9511276794097518,-0.021820112065905062
1.96613635386675,-0.025070878755294235
1.9811450283237482,-0.01560594718859687
1.996153702780746,-0.010959943060497856
2.0111623772377443,-0.010919800483253805
2.0261710516947424,-0.009552859061369379
2.0411797261517406,-0.01156108191114924
2.0561884006087388,-0.013673649134460564
2.0711970750657365,-0.010143721330191258
2.0862057495227346,-0.005482238609614165
2.101214423979733,-0.009218205578898853
2.116223098436731,-0.010664288212432926
2.131231772893729,-0.0011609238405243527
2.1462404473507273,-0.0034609380141488177
2.1612491218077254,-0.007772342845538183
2.176257796264723,-0.007774659923420524
2.1912664707217213,-0.007776861594182227
2.2062751451787195,-0.008045669912711606
2.2212838196357176,-0.007085805460434136
2.236292494092716,-0.015493059929733488
2.251301168549714,-0.02724446677680914
2.2663098430067117,-0.014634622987925172
2.28131851746371,-0.019012087239678843
2.296327191920708,-0.03235317785968794
2.311335866377706,-0.03552149558289519
2.3263445408347043,-0.04010275324469581
2.3413532152917025,-0.043789132448119994
2.3563618897487,-0.04357058532990199
2.3713705642056984,-0.04382441655117375
2.3863792386626965,-0.042944645767251766
2.4013879131196947,-0.041206039569425035
2.416396587576693,-0.042574201944635126
2.431405262033691,-0.04345768026071728
2.446413936490689,-0.041292078418517786
2.461422610947687,-0.04097703765806682
2.476431285404685,-0.041729475862720355
2.491439959861683,-0.05040279747124787
2.5064486343186814,-0.057845879241177234
2.5214573087756795,-0.0578400809321441
2.5364659832326777,-0.05786503333600379
2.5514746576896754,-0.061627363913556166
2.5664833321466736,-0.06378889663654452
2.5814920066036717,-0.06377812704371533
2.59650068106067,-0.06376106352256428
2.611509355517668,-0.05779001281270468
2.626518029974666,-0.06048963226349824
2.641526704431664,-0.06520253119652486
2.656535378888662,-0.07115975322483203
2.6715440533456603,-0.07390681142434175
2.6865527278026584,-0.07449696084086965
2.7015614022596566,-0.07172520400017723
2.7165700767166547,-0.07314658304468069
2.731578751173653,-0.08738388533414232
2.7465874256306506,-0.08568294599635928
2.7615961000876488,-0.08841906952985112
2.776604774544647,-0.09109646535791971
2.791613449001645,-0.09264268121052588
2.8066221234586433,-0.09335147211401207
2.8216307979156414,-0.09276815743233258
2.836639472372639,-0.09178999180628877
2.8516481468296373,-0.08475953495485855
2.8666568212866355,-0.08365326939563045
2.8816654957436336,-0.08364889727184976
2.896674170200632,-0.08553183508065021
2.91168284465763,-0.08552064229629486
2.926691519114628,-0.07710977119343843
2.941700193571626,-0.06064880163727804
2.956708868028624,-0.05814959267865516
2.971717542485622,-0.05646895305639854
2.9867262169426203,-0.054106094646720004
3.0017348913996185,-0.04497960709785598
3.0167435658566166,-0.04432504795361736
3.0317522403136143,-0.04241773175934105
3.0467609147706125,-0.03515759868088075
3.0617695892276107,-0.020481773541980997
3.076778263684609,-0.016587001794067247
3.091786938141607,-0.02294110765946622
3.106795612598605,-0.023560629848037418
3.1218042870556033,-0.02740059638759884
3.136812961512601,-0.03989654691105882
3.151821635969599,-0.04854206904744929
3.1668303104265974,-0.05128175514674227
3.1818389848835955,-0.048796552093257506
3.1968476593405937,-0.04482550280397657
3.211856333797592,-0.04623085728017007
3.2268650082545896,-0.05390755786745882
3.2418736827115877,-0.05665920203678554
3.256882357168586,-0.05664975893158797
3.271891031625584,-0.04445281729701356
3.286899706082582,-0.032148967845287535
3.3019083805395804,-0.03478156891439155
3.316917054996578,-0.03567933113078048
3.3319257294535762,-0.028941519728320264
3.3469344039105744,-0.02827120409050532
3.3619430783675726,-0.022630208592656187
3.3769517528245707,-0.009963486724151371
3.391960427281569,-0.008832030654921552
3.406969101738567,-0.00882619002876961
3.4219777761955648,-0.0078761917691752
3.436986450652563,-0.007435448165048375
3.451995125109561,-0.006529393613577961
3.4670037995665592,-0.002801814277029524
3.4820124740235574,-0.0004786741284825702
3.4970211484805556,-0.008062658371965958
3.5120298229375533,-0.0072742585349345745
3.5270384973945514,-0.0058814853920516885
3.5420471718515496,-0.013334119381799292
3.5570558463085478,-0.015797313660004364
3.572064520765546,-0.015791166965201775
3.587073195222544,-0.022589847933757068
3.602081869679542,-0.040863648743630354
3.61709054413654,-0.04575901023133466
3.632099218593538,-0.04527447251480421
3.6471078930505363,-0.01939129628164582
3.6621165675075344,-0.0235561793455501
3.6771252419645326,-0.023925272287061206
3.6921339164215308,-0.021451414581464268
3.7071425908785285,-0.005469763852417042
3.7221512653355266,-0.013700171213097967
3.737159939792525,-0.014812234534083979
3.752168614249523,-0.015063099156259252
3.767177288706521,-0.025407531507471992
3.7821859631635193,-0.022138734537342053
3.797194637620517,-0.02315327229795061
3.812203312077515,-0.02766169589552847
3.8272119865345133,-0.03239536367917484
3.8422206609915115,-0.03314909745742434
3.8572293354485097,-0.03886560502464509
3.872238009905508,-0.031222840514915084
3.887246684362506,-0.02500012738995494
3.9022553588195037,-0.02806783421630643
3.917264033276502,-0.02838635202546269
3.9322727077335,-0.02292916600545336
3.947281382190498,-0.021376879281620242
3.9622900566474963,-0.024172859978587313
3.9772987311044945,-0.025098645855342383
3.992307405561492,-0.030485634037861087
4.007316080018491,-0.031072841157293696
4.0223247544754885,-0.034247664745130524
4.037333428932486,-0.03782786620163581
4.052342103389485,-0.04019721798899778
4.067350777846483,-0.04572814835457639
4.082359452303481,-0.045992662045889365
4.097368126760479,-0.041566592158621796
4.1123768012174775,-0.04079010020439622
4.127385475674475,-0.03558612147739104
4.142394150131473,-0.03909861313966201
4.1574028245884715,-0.03972117711372947
4.172411499045469,-0.039807942632576476
4.187420173502468,-0.03772008772238222
4.202428847959466,-0.03371818950363037
4.217437522416464,-0.03323417049252886
4.232446196873462,-0.0349958858566487
4.24745487133046,-0.034993406806129834
4.262463545787458,-0.03300280785537135
4.277472220244456,-0.03201182213295628
4.2924808947014546,-0.04975841425360705
4.307489569158452,-0.052207102286312645
4.322498243615451,-0.05256926322572397
4.337506918072449,-0.0527754959780099
4.352515592529446,-0.05552505271159325
4.367524266986445,-0.056143256088679094
4.382532941443443,-0.05652180061839451
4.397541615900441,-0.06245482286572768
4.412550290357439,-0.06764619504785618
4.427558964814437,-0.06763830617255695
4.442567639271435,-0.0498254639526009
4.457576313728433,-0.04186778922210721
4.472584988185432,-0.04287942694776414
4.487593662642429,-0.042107249061359875
4.502602337099428,-0.027229279364015424
4.517611011556426,-0.03821413195333079
4.532619686013423,-0.039812208158567786
4.547628360470422,-0.0372657487097896
4.56263703492742,-0.030199963156289478
4.577645709384418,-0.024039576534376828
4.592654383841416,-0.02331489265974418
4.607663058298415,-0.024434576181166512
4.622671732755412,-0.02628760566475008
4.63768040721241,-0.031424513863023584
4.652689081669409,-0.032653218498212455
4.667697756126406,-0.032649512616854226
4.682706430583405,-0.028967290552494807
4.697715105040403,-0.02053352303977507
4.7127237794974,-0.014017005877956956
4.727732453954399,-0.019463109179290172
4.742741128411397,-0.019460612531985055
4.757749802868395,-0.013779351357470215
4.772758477325393,-0.01942879137923703
4.787767151782392,-0.024547815385074
4.802775826239389,-0.023916155307331044
4.817784500696387,-0.021538737343449355
4.832793175153386,-0.03314544430692157
4.847801849610383,-0.0346633302740984
4.862810524067382,-0.02948239970041966
4.87781919852438,-0.03454418871259979
4.892827872981378,-0.037978522426325934
4.907836547438376,-0.04188929597583779
4.922845221895374,-0.04124304425803438
4.937853896352372,-0.0417000403161486
4.95286257080937,-0.04529817001479863
4.967871245266369,-0.04733709152814691
4.982879919723366,-0.047354783867632255
4.997888594180364,-0.0479805691803773
5.012897268637363,-0.04520860903109569
5.0279059430943605,-0.04062522317212425
5.042914617551359,-0.028550161838244215
5.057923292008357,-0.022707289504848793
5.072931966465355,-0.02376985921281094
5.087940640922353,-0.036964176942701155
5.102949315379351,-0.04089360857607349
5.117957989836349,-0.042438163814612295
5.132966664293347,-0.056068593590777094
5.147975338750346,-0.05838738308105995
5.1629840132073435,-0.06006184981781637
5.177992687664342,-0.06591779489024752
5.19300136212134,-0.06587116312362828
5.2080100365783375,-0.06364281139963168
5.223018711035336,-0.057611392730400834
5.238027385492334,-0.05474628141349769
5.253036059949332,-0.05448311766981617
5.26804473440633,-0.055463234375538684
5.283053408863328,-0.059255914234881746
5.2980620833203265,-0.07138944142025705
5.313070757777324,-0.07141199948119947
5.328079432234323,-0.06408426459621952
5.3430881066913205,-0.05768943508395319
5.358096781148319,-0.057644712283746014
5.373105455605317,-0.0580431249688218
5.3881141300623145,-0.06103073873403808
5.403122804519313,-0.06359317949597454
5.418131478976311,-0.06536575933784683
5.4331401534333095,-0.06536635227575571
5.448148827890307,-0.06531785243490174
5.463157502347306,-0.06123025191794407
5.4781661768043035,-0.06440361189853216
5.493174851261301,-0.060857336814909346
5.5081835257183,-0.0535572826593651
5.5231922001752976,-0.055439900596456426
5.538200874632296,-0.05707975454893999
5.553209549089294,-0.05389642161565655
5.5682182235462925,-0.05589946507804955
5.58322689800329,-0.05945078942377491
5.598235572460288,-0.05421514233120561
5.6132442469172865,-0.05023882717364314
5.628252921374284,-0.050776508550954724
5.643261595831283,-0.055998728349268334
5.658270270288281,-0.05600259429031029
5.673278944745278,-0.05427147626167028
5.688287619202277,-0.05127646877661529
5.703296293659275,-0.05552633498485382
5.718304968116273,-0.057756631444374484
5.733313642573271,-0.0606337306259519
5.7483223170302695,-0.06372855872021721
5.763330991487267,-0.06372848674057541
5.778339665944265,-0.06266738545969575
5.793348340401264,-0.06201520223212009
5.808357014858261,-0.06284937021627568
5.82336568931526,-0.0585460014709166
5.838374363772258,-0.05509370590529472
5.853383038229256,-0.04204992306181443
5.868391712686254,-0.04025758495495291
5.883400387143252,-0.035973070973094656
5.89840906160025,-0.03586348626978453
5.913417736057248,-0.04016972272475494
5.928426410514247,-0.04564233865661704
5.943435084971244,-0.0484014371692284
5.958443759428242,-0.052201648323773275
5.973452433885241,-0.05996047184583175
5.988461108342238,-0.05934786342162435
6.003469782799237,-0.054253046909606084
6.018478457256235,-0.05425424985631522
6.033487131713233,-0.058365829062420715
6.048495806170231,-0.058900331362537584
6.063504480627229,-0.06842820851251141
6.078513155084227,-0.07325580973581047
6.093521829541225,-0.07483986480654004
6.108530503998224,-0.07684207903603835
6.123539178455221,-0.0779607399719987
6.13854785291222,-0.08192248123950308
6.153556527369218,-0.08192291752556491
6.168565201826215,-0.08167279400488237
6.183573876283214,-0.08167466955675984
6.198582550740212,-0.06777897004512867
6.21359122519721,-0.0637955378899665
6.228599899654208,-0.052912614563902505
6.243608574111207,-0.044203535847998965
6.258617248568204,-0.04960387226583418
6.273625923025202,-0.06038642473071787
6.288634597482201,-0.06010133169177334
6.303643271939198,-0.05784420618186459
6.318651946396197,-0.057846131304721826
6.333660620853195,-0.08197069023797254
6.348669295310192,-0.08494314050367491
6.363677969767191,-0.08609574892619531
6.378686644224189,-0.08666962260459043
6.393695318681187,-0.08528007260217141
6.408703993138185,-0.08356440169695478
6.423712667595184,-0.08446840318447546
6.438721342052181,-0.08758045795783276
6.453730016509179,-0.08760462429775295
6.468738690966178,-0.09394939478914566
6.483747365423175,-0.09395172904874327
6.498756039880174,-0.10077544024184648
6.513764714337172,-0.1026803550458475
6.52877338879417,-0.10657129429110035
6.543782063251168,-0.10962754055671564
6.558790737708166,-0.11568005438628726
6.573799412165164,-0.1275048164556586
6.588808086622162,-0.12665978835398173
6.603816761079161,-0.12029193872373545
6.618825435536158,-0.12029213841016217
6.633834109993156,-0.1067118622031118
6.648842784450155,-0.10512514168592424
6.6638514589071525,-0.10660691178791837
6.678860133364151,-0.10732777980315455
6.693868807821149,-0.09786652339189239
6.708877482278147,-0.08639229424760075
6.723886156735145,-0.0877518449841923
6.738894831192143,-0.09230028578161531
6.753903505649141,-0.09241618978783817
6.768912180106139,-0.1057261085402964
6.783920854563138,-0.10572865905370787
6.7989295290201355,-0.11192580406667996
6.813938203477134,-0.11360712448989896
6.828946877934132,-0.1209663322036496
6.8439555523911295,-0.12663057081913487
6.858964226848128,-0.12615163192518908
6.873972901305126,-0.12524009726399732
6.888981575762124,-0.12453671116269482
6.903990250219122,-0.11947290735355831
6.91899892467612,-0.11947392451049754
6.9340075991331185,-0.11207359780824366
6.949016273590116,-0.11125531803888278
6.964024948047115,-0.12472664352570928
6.9790336225041125,-0.13111303836568544
6.994042296961111,-0.12482670787286176
7.009050971418109,-0.11735284596954798
7.024059645875107,-0.11688896059119569
7.039068320332105,-0.11538277930530405
7.054076994789103,-0.1153051533139472
7.0690856692461015,-0.10948533556953677
7.084094343703099,-0.10948720959837532
7.099103018160098,-0.10948902077792899
7.1141116926170955,-0.1097272402639089
7.129120367074093,-0.11092048654648945
7.144129041531092,-0.11293481927712468
7.15913771598809,-0.11616898123288155
7.174146390445088,-0.11790994483857098
7.189155064902086,-0.11787032801435438
7.204163739359084,-0.11765085361574923
7.219172413816082,-0.12774840174384872
7.23418108827308,-0.13890040703205142
7.2491897627300785,-0.1358685141035182
7.264198437187076,-0.12854937013657297
7.279207111644075,-0.13325887199287179
7.294215786101073,-0.13324513275657857
7.30922446055807,-0.13276232435747892
7.324233135015069,-0.13095307086625585
7.339241809472067,-0.13136254861658392
7.354250483929065,-0.1397155573904929
7.369259158386063,-0.1391931265024169
7.3842678328430615,-0.13929051990492192
7.399276507300059,-0.14802699134181596
7.414285181757057,-0.1579337244272525
7.429293856214056,-0.16111798748407735
7.444302530671053,-0.17666152203331908
7.459311205128052,-0.17950999150260782
7.47431987958505,-0.1852050443553639
7.489328554042048,-0.1909656409760322
7.504337228499046,-0.19106664535711237
7.519345902956044,-0.19203205819366098
7.534354577413042,-0.19192146485230688
7.54936325187004,-0.1911279732293718
7.564371926327039,-0.19093175063369205
7.579380600784036,-0.19455383635782098
7.594389275241034,-0.19447628799343464
7.609397949698033,-0.18689030648496696
7.62440662415503,-0.17588933547691
7.639415298612029,-0.17410360718137552
7.654423973069027,-0.18453657024794545
7.669432647526025,-0.18219368932979407
7.684441321983023,-0.17813105305729254
7.699449996440021,-0.16560835014569508
7.714458670897019,-0.15940790697432894
7.729467345354017,-0.14642563496843253
7.744476019811016,-0.1460523441368018
7.759484694268013,-0.1460541654875137
7.774493368725012,-0.1484438747033366
7.78950204318201,-0.15377559970163857
7.804510717639007,-0.1545349830600321
7.819519392096006,-0.1591671637582821
7.834528066553004,-0.1652230813091251
7.849536741010002,-0.1654671475776569
7.864545415467,-0.1654684705413093
7.879554089923998,-0.16504500086189822
7.894562764380996,-0.15891111605997332
7.909571438837994,-0.1504946588286139
7.924580113294993,-0.15118790192481524
7.93958878775199,-0.1581696591248638
7.954597462208989,-0.16317050099097208
7.969606136665987,-0.17552943225830636
7.984614811122984,-0.17265488554255348
7.999623485579983,-0.16437168104552474
8.014632160036982,-0.16399500675276452
8.029640834493978,-0.16352345259416745
8.044649508950977,-0.16681028867258446
8.059658183407976,-0.16982905223468164
8.074666857864973,-0.17687285915415363
8.089675532321971,-0.1861250538200624
8.10468420677897,-0.19637938242245134
8.119692881235968,-0.19839185480616733
8.134701555692965,-0.20230807578638355
8.149710230149964,-0.20804255376647734
8.164718904606962,-0.20608808736913925
8.17972757906396,-0.1996167200888606
8.194736253520958,-0.2000364569091399
8.209744927977956,-0.21227101926944192
8.224753602434955,-0.2149167494863512
8.239762276891952,-0.21199024715557058
8.25477095134895,-0.2132714605103267
8.269779625805949,-0.22121219580085338
8.284788300262946,-0.2193795545534965
8.299796974719944,-0.2179589616723382
8.314805649176943,-0.2105845288374939
8.329814323633942,-0.20492659578661232
8.344822998090939,-0.20563820970256125
8.359831672547937,-0.20567739110927463
8.374840347004936,-0.22777681819554635
8.389849021461933,-0.22729828066055258
8.404857695918931,-0.22540949882607975
8.41986637037593,-0.22812609282277507
8.434875044832928,-0.23907031485229419
8.449883719289925,-0.24244725600749112
8.464892393746924,-0.24869790860796265
8.479901068203922,-0.25182256755753857
8.49490974266092,-0.24942773532993756
8.509918417117918,-0.2421073834329443
8.524927091574916,-0.2450950389812111
8.539935766031915,-0.24726576518035714
8.554944440488912,-0.24859685978499918
8.56995311494591,-0.2508019615611176
8.584961789402909,-0.25495491616273275
8.599970463859906,-0.25496946914024826
8.614979138316905,-0.25500466666204585
8.629987812773903,-0.25500251699226684
8.644996487230902,-0.26313776912206227
8.660005161687899,-0.2599454266172412
8.675013836144897,-0.2527623384970335
8.690022510601896,-0.24944720103457807
8.705031185058893,-0.25008029353631167
8.720039859515891,-0.2548743448631253
8.73504853397289,-0.2610255920073212
8.750057208429887,-0.2656363846739085
8.765065882886885,-0.25840852344695686
8.780074557343884,-0.2535454549655398
8.795083231800882,-0.24924509873246503
8.81009190625788,-0.24872694239605508
8.825100580714878,-0.24914053196911895
8.840109255171877,-0.2527474407995785
8.855117929628873,-0.2633533314882513
8.870126604085872,-0.27245848098102277
8.88513527854287,-0.27472848201045874
8.90014395299987,-0.27594353787280446
8.915152627456866,-0.2779947372720065
8.930161301913865,-0.26802805597254087
8.945169976370863,-0.27059209756217173
8.96017865082786,-0.2681800906701795
8.975187325284859,-0.26182047394060187
8.990195999741857,-0.26182079632983934
9.005204674198856,-0.2621977917363025
9.020213348655853,-0.26450723932435305
9.035222023112851,-0.2727630050303698
9.05023069756985,-0.27292915628696246
9.065239372026847,-0.27324239471135303
9.080248046483845,-0.296145608165408
9.095256720940844,-0.30399890299152865
9.110265395397843,-0.30452103476208314
9.12527406985484,-0.30452161486340834
9.140282744311838,-0.2915083571605884
9.155291418768837,-0.2893596382915557
9.170300093225833,-0.2855120246702999
9.185308767682832,-0.28601569103843494
9.20031744213983,-0.2857734329983683
9.21532611659683,-0.2773604901108553
9.230334791053826,-0.2719569970756188
9.245343465510825,-0.26026775425173043
9.260352139967823,-0.25892399954557466
9.27536081442482,-0.25893525923142047
9.290369488881819,-0.2571583020380518
9.305378163338817,-0.2492831621257245
9.320386837795814,-0.252468917196139
9.335395512252813,-0.26338587884006726
9.350404186709811,-0.25166056110833357
9.36541286116681,-0.24545340754138295
9.380421535623807,-0.24814271583240688
9.395430210080805,-0.2462651267685917
9.410438884537804,-0.244095204531383
9.4254475589948,-0.24868655909767906
9.4404562334518,-0.24937573341002306
9.455464907908798,-0.24937716568039647
9.470473582365797,-0.2451203695224783
9.485482256822793,-0.23529790996520128
9.500490931279792,-0.23363129387034587
9.51549960573679,-0.23351508879320138
9.530508280193787,-0.23880859660503606
9.545516954650786,-0.24109574175615622
9.560525629107785,-0.24120160469304475
9.575534303564783,-0.24097593546033347
9.59054297802178,-0.2380516605052685
9.605551652478779,-0.23083233492609956
9.620560326935777,-0.23321839336156092
9.635569001392774,-0.24468788643863215
9.650577675849773,-0.24373020979250043
9.665586350306771,-0.24071636005932684
9.68059502476377,-0.24398536960947725
9.695603699220767,-0.24714961792000023
9.710612373677765,-0.24739812140147577
9.725621048134764,-0.24430403219292846
9.74062972259176,-0.24427221560524104
9.75563839704876,-0.25131160087626303
9.770647071505758,-0.24930360740014307
9.785655745962757,-0.2435455601132197
9.800664420419753,-0.24186739213863528
9.815673094876752,-0.24011746601871087
9.83068176933375,-0.24835315648063205
9.845690443790748,-0.25155697631375484
9.860699118247746,-0.24419901647953435
9.875707792704745,-0.24381977802641175
9.890716467161743,-0.24382172118008266
9.90572514161874,-0.24356489516296354
9.920733816075739,-0.24321783572006694
9.935742490532737,-0.24728765502573968
9.950751164989734,-0.24882717687798506
9.965759839446733,-0.2523236663114004
9.980768513903731,-0.24996506954613412
9.995777188360728,-0.2499669400770404
10.010785862817727,-0.2511009222420357
10.025794537274725,-0.25060028630392667
10.040803211731724,-0.24681795177063925
10.055811886188721,-0.2566505590796238
10.07082056064572,-0.2678416076793802
10.085829235102718,-0.26251231790339613
10.100837909559715,-0.2610040957166404
10.115846584016714,-0.2689775663934277
10.130855258473712,-0.2814058202400247
10.14586393293071,-0.28872240177177183
10.160872607387708,-0.2899672862493654
10.175881281844706,-0.2899682289251674
10.190889956301705,-0.28502360216726547
10.205898630758702,-0.2786079447581927
10.2209073052157,-0.27641486770953905
10.235915979672699,-0.28238457971828457
10.250924654129697,-0.2941039494018737
10.265933328586694,-0.294104859401243
10.280942003043693,-0.3014824767652679
10.295950677500691,-0.29807282178763284
10.310959351957688,-0.3009104548396682
10.325968026414687,-0.3039791101475618
10.340976700871686,-0.30367728816538647
10.355985375328684,-0.30071159086442756
10.370994049785681,-0.28885569513025044
10.38600272424268,-0.29208218741186387
10.401011398699678,-0.28874132908137257
10.416020073156675,-0.28412173823165887
10.431028747613674,-0.27883895091121247
10.446037422070672,-0.27520954848892487
10.46104609652767,-0.2863874564281936
10.476054770984668,-0.2954794847238138
10.491063445441666,-0.2895756427399784
10.506072119898665,-0.2902773999737577
10.521080794355662,-0.29114465105661425
10.53608946881266,-0.3236570008791937
10.551098143269659,-0.3244418997178514
10.566106817726656,-0.3257839826794952
10.581115492183654,-0.34155589072204084
10.596124166640653,-0.35007578139016693
10.611132841097652,-0.35692370693652425
10.626141515554648,-0.3569232864538978
10.641150190011647,-0.35349342441803955
10.656158864468646,-0.34201998530450095
10.671167538925642,-0.3410408768613954
10.686176213382641,-0.33912654395337744
10.70118488783964,-0.338044983070027
10.716193562296638,-0.3551171920755627
10.731202236753635,-0.359880938931903
10.746210911210634,-0.3532544092844988
10.761219585667632,-0.3501451093988081
10.776228260124629,-0.34668758623207424
10.791236934581628,-0.33952319325543545
10.806245609038626,-0.33995438858663285
10.821254283495625,-0.3364525042789591
10.836262957952622,-0.33436341256661384
10.85127163240962,-0.3313655644024302
10.866280306866619,-0.33936604591717073
10.881288981323616,-0.34871573146263407
10.896297655780614,-0.3487991626805869
10.911306330237613,-0.3487992916584225
10.926315004694612,-0.3488197307480964
10.941323679151608,-0.3494559146138226
10.956332353608607,-0.33656773928701295
10.971341028065606,-0.3383223400110573
10.986349702522602,-0.3441705121648096
11.001358376979601,-0.34212174272028695
11.0163670514366,-0.3462288906658603
11.031375725893598,-0.3563242304924793
11.046384400350595,-0.35668191178220154
11.061393074807594,-0.36014334367615053
11.076401749264592,-0.3620342999161239
11.09141042372159,-0.35720184728571963
11.106419098178588,-0.35905238812633333
11.121427772635586,-0.3696617954352731
11.136436447092585,-0.36894254101591073
11.151445121549582,-0.35809411584099976
11.16645379600658,-0.3528784126995802
11.181462470463579,-0.3598332862258634
11.196471144920576,-0.3659595292586887
11.211479819377574,-0.38309042218893125
11.226488493834573,-0.39080577855987564
11.24149716829157,-0.3919051413199757
11.256505842748568,-0.3903580335603568
11.271514517205567,-0.3892574470393475
11.286523191662566,-0.39665603627756296
11.301531866119563,-0.38959363734622227
11.316540540576561,-0.3850663198586785
11.33154921503356,-0.3825134878179289
11.346557889490557,-0.3825145321446734
11.361566563947555,-0.3836062486732599
11.376575238404554,-0.39750081682702015
11.391583912861552,-0.39277513702030287
11.40659258731855,-0.37508317825439064
11.421601261775548,-0.36657301127863035
11.436609936232546,-0.36331105833707056
11.451618610689543,-0.36942513901450924
11.466627285146542,-0.3731484914166522
11.48163595960354,-0.3707505141415487
11.496644634060539,-0.36773416296043443
11.511653308517536,-0.35503792863776135
11.526661982974534,-0.35249134612341065
11.541670657431533,-0.357281203725645
11.55667933188853,-0.3718660561800388
11.571688006345529,-0.37311849110960904
11.586696680802527,-0.37056035562145595
11.601705355259526,-0.3775780260765644
11.616714029716523,-0.3855583906773423
11.631722704173521,-0.38772570020133956
11.64673137863052,-0.3812700491069302
11.661740053087517,-0.3821534688851002
11.676748727544515,-0.3832874584074285
11.691757402001514,-0.3832876552980654
11.706766076458512,-0.3847169594746608
11.72177475091551,-0.40379395346117075
11.736783425372508,-0.4037950582140616
11.751792099829506,-0.40379489888373565
11.766800774286503,-0.3938781663413895
11.781809448743502,-0.38964161746019427
11.7968181232005,-0.3904238429909446
11.811826797657499,-0.3994785691634245
11.826835472114496,-0.3922548790411753
11.841844146571495,-0.3867354420485577
11.856852821028493,-0.38725042596043524
11.87186149548549,-0.38651452840602846
11.886870169942489,-0.3830613638768916
11.901878844399487,-0.3996676000194386
11.916887518856484,-0.40837285483160873
11.931896193313483,-0.41103415947430705
11.946904867770481,-0.4054760787583021
11.96191354222748,-0.4054761185461
11.976922216684477,-0.40272011977699607
11.991930891141475,-0.3979783306142794
12.006939565598474,-0.4070908960434759
12.02194824005547,-0.39525224256010294
12.03695691451247,-0.3962426419427788
12.051965588969468,-0.3971737563307738
12.066974263426467,-0.3971650030491861
12.081982937883463,-0.3909261537565196
12.096991612340462,-0.3904965339917225
12.11200028679746,-0.3909311890938303
12.127008961254457,-0.39397205905268784
12.142017635711456,-0.408863292366041
12.157026310168455,-0.404528986858306
12.172034984625453,-0.38727739072811657
12.18704365908245,-0.38618368214174953
12.202052333539449,-0.38737780038313996
12.217061007996447,-0.39543446111968505
12.232069682453444,-0.3969391882863952
12.247078356910443,-0.39881987785691
12.262087031367441,-0.3897615671526375
12.27709570582444,-0.39154353063911274
12.292104380281437,-0.4125467739639176
12.307113054738435,-0.4187477403569547
12.322121729195434,-0.41887529490913966
12.33713040365243,-0.43245685943678447
12.35213907810943,-0.4417412762179595
12.367147752566428,-0.43694067287531113
12.382156427023427,-0.43979137182873496
12.397165101480423,-0.4422526354380823
12.412173775937422,-0.44300209629414034
12.42718245039442,-0.4430238030185315
12.442191124851417,-0.45482564729623154
12.457199799308416,-0.4548255268272906
12.472208473765415,-0.45258423617613364
12.487217148222413,-0.44908331369490917
12.50222582267941,-0.4451576977814806
12.517234497136409,-0.43932789636266273
12.532243171593407,-0.44006333553319027
12.547251846050404,-0.4326805204385945
12.562260520507403,-0.42590713572368444
12.577269194964401,-0.4267147712953012
12.592277869421398,-0.41880988425309557
12.607286543878397,-0.41143012757442576
12.622295218335395,-0.4048845911732025
12.637303892792394,-0.4089602926367688
12.65231256724939,-0.4058367892152165
12.66732124170639,-0.4054687344137529
12.682329916163388,-0.40801347701373236
12.697338590620385,-0.4120244691025668
12.712347265077383,-0.39616961362825653
12.727355939534382,-0.3937628628631662
12.74236461399138,-0.3945777221743903
12.757373288448377,-0.40102828660471335
12.772381962905376,-0.4237586811374836
12.787390637362375,-0.4204768073262007
12.802399311819372,-0.4204800363692397
12.81740798627637,-0.4279243529297852
12.832416660733369,-0.43338028760193154
12.847425335190367,-0.4379258651202385
12.862434009647364,-0.4394170846178723
12.877442684104363,-0.442088200078224
12.892451358561361,-0.4533706084160727
12.907460033018358,-0.4685391410253972
12.922468707475357,-0.46944291013959305
12.937477381932355,-0.4694441703225819
12.952486056389354,-0.47192854366854287
12.96749473084635,-0.4759854755583378
12.98250340530335,-0.4841264505116508
12.997512079760348,-0.4783510542641971
13.012520754217345,-0.4851057891472008
13.027529428674343,-0.49574741235087494
13.042538103131342,-0.49901852793103946
13.05754677758834,-0.4990218974873627
13.072555452045338,-0.49750655338363675
13.087564126502336,-0.48572934912198706
13.102572800959335,-0.4869055866028203
13.117581475416332,-0.4908118190558208
13.13259014987333,-0.5011773041997515
13.147598824330329,-0.5033405891412732
13.162607498787326,-0.5122191652231429
13.177616173244324,-0.5294772294287651
13.192624847701323,-0.530150442500706
13.207633522158321,-0.5334674974986222
13.222642196615318,-0.5263712113621639
13.237650871072317,-0.5228999486144397
13.252659545529315,-0.5163633404129464
13.267668219986312,-0.5130677774417969
13.282676894443311,-0.5090175004564481
13.29768556890031,-0.5097454600393159
13.312694243357308,-0.5105213820783351
13.327702917814305,-0.5121223104897822
13.342711592271304,-0.5075404538789998
13.357720266728302,-0.5076112604697657
13.372728941185299,-0.5253540116308482
13.387737615642298,-0.5450431443766282
13.402746290099296,-0.5404795626026118
13.417754964556295,-0.5335208230130779
13.432763639013292,-0.5423583214451352
13.44777231347029,-0.549539221822357
13.462780987927289,-0.5465560163294864
13.477789662384286,-0.5453235998674055
13.492798336841284,-0.5592741637704077
13.507807011298283,-0.5614849557280482
13.522815685755281,-0.5614847609699143
13.537824360212278,-0.5614846035125348
13.552833034669277,-0.561678183821975
13.567841709126276,-0.5621475228500388
13.582850383583272,-0.5637178212048495
13.597859058040271,-0.5653718490890101
13.61286773249727,-0.5754468471370348
13.627876406954268,-0.5769813753583516
13.642885081411265,-0.5763814401590309
13.657893755868264,-0.5743262351065803
13.672902430325262,-0.5756744303594428
13.687911104782259,-0.5765484680221917
13.702919779239258,-0.5806548206351403
13.717928453696256,-0.586751101781537
13.732937128153255,-0.5833302670355835
13.747945802610252,-0.5791009994527349
13.76295447706725,-0.5790424905891873
13.777963151524249,-0.5794674165655718
13.792971825981246,-0.5835169198617725
13.807980500438244,-0.5775741235596917
13.822989174895243,-0.5663519033032693
13.83799784935224,-0.5663570399667109
13.853006523809238,-0.5686388115876093
13.868015198266237,-0.5661367650132582
13.883023872723236,-0.5546126834119597
13.898032547180232,-0.550467425766743
13.913041221637231,-0.5494451405191331
13.92804989609423,-0.5494459337049723
13.943058570551226,-0.5484823186649932
13.958067245008225,-0.545526497267762
13.973075919465224,-0.5504438410044249
13.988084593922222,-0.5697313330682483
14.003093268379219,-0.5765125203284934
14.018101942836218,-0.5759442661455407
14.033110617293216,-0.5719177501842021
14.048119291750213,-0.5660510387494981
14.063127966207212,-0.5638933427068067
14.07813664066421,-0.5666158283808119
14.093145315121209,-0.5694935731090752
14.108153989578206,-0.5782266759776193
14.123162664035204,-0.5790563492708409
14.138171338492203,-0.5767865986774323
14.1531800129492,-0.5763035324158863
14.168188687406198,-0.5780515804707851
14.183197361863197,-0.5898648401356511
14.198206036320196,-0.5888158661912057
14.213214710777192,-0.5799810293063443
14.228223385234191,-0.5776901091146275
14.24323205969119,-0.5776912190084957
14.258240734148186,-0.5828399541928612
14.273249408605185,-0.5826689520592412
14.288258083062184,-0.5796082467204002
14.303266757519182,-0.5764956075600993
14.31827543197618,-0.5720440081681504
14.333284106433178,-0.5654693890805387
14.348292780890176,-0.5658755076576574
14.363301455347173,-0.5664745841101455
14.378310129804172,-0.5699032513376905
14.39331880426117,-0.574934042297875
14.408327478718167,-0.5749353605289769
14.423336153175166,-0.5749366826800456
14.438344827632164,-0.5729919777398103
14.453353502089163,-0.5722806422641497
14.46836217654616,-0.5719723024605157
14.483370851003158,-0.5716957476533953
14.498379525460157,-0.5713748591941413
14.513388199917154,-0.5645360495792557
14.528396874374153,-0.5618691290865612
14.543405548831151,-0.5618743156841807
14.55841422328815,-0.560683790964563
14.573422897745147,-0.5556029331635717
14.588431572202145,-0.5432690724901383
14.603440246659144,-0.5419123584437324
14.61844892111614,-0.5365650896109893
14.63345759557314,-0.5358592795540051
14.648466270030138,-0.5364816584834973
14.663474944487136,-0.534445203075921
14.678483618944133,-0.5271389074068693
14.693492293401132,-0.5220622153606433
14.70850096785813,-0.5455769708781402
14.723509642315127,-0.5439880667252047
14.738518316772126,-0.5439925112261886
14.753526991229124,-0.5450645416990612
14.768535665686123,-0.5467330998598892
14.78354434014312,-0.5489462590337966
14.798553014600119,-0.5483223176906825
14.813561689057117,-0.54181610235451
14.828570363514114,-0.54205495470692
14.843579037971113,-0.5421291679382244
14.858587712428111,-0.5460344457127041
14.87359638688511,-0.5509373148357788
14.888605061342107,-0.5423169266456723
14.903613735799105,-0.5402745141315932
14.918622410256104,-0.5412870909552419
14.9336310847131,-0.5444636565937327
14.9486397591701,-0.5493322416884681
14.963648433627098,-0.5446070142611934
14.978657108084096,-0.5427871539014859
14.993665782541093,-0.535949482160787
15.008674456998092,-0.536038910003026
15.02368313145509,-0.5355660677414222
15.038691805912087,-0.5238304228487212
15.053700480369086,-0.5167159606352991
15.068709154826085,-0.5173831669091169
15.083717829283081,-0.5248123845858054
15.09872650374008,-0.5251133051948365
15.113735178197079,-0.529502329476408
15.128743852654077,-0.542847521958354
15.143752527111074,-0.547408596239976
15.158761201568073,-0.5474109150413318
15.173769876025071,-0.5479394354790297
15.188778550482068,-0.5459430281645021
15.203787224939067,-0.5302870559952617
15.218795899396065,-0.52518268345743
15.233804573853064,-0.5184724434410436
15.24881324831006,-0.5192034510322812
15.26382192276706,-0.5191020307790049
15.278830597224058,-0.5132708698749661
15.293839271681055,-0.5171729340356707
15.308847946138053,-0.523824628516419
15.323856620595052,-0.5183563742176373
15.33886529505205,-0.5158113748587195
15.353873969509047,-0.5227789131705126
15.368882643966046,-0.5228251842136054
15.383891318423045,-0.5228266832841556
15.398899992880041,-0.5192102312534517
15.41390866733704,-0.5060959947796915
15.428917341794039,-0.5150848682187563
15.443926016251037,-0.5176208990165336
15.458934690708034,-0.5180424573963236
15.473943365165033,-0.5180918107758162
15.488952039622031,-0.5189870577268209
15.503960714079028,-0.5172424192741908
15.518969388536027,-0.5096748959293818
15.533978062993025,-0.5095841376282271
15.548986737450024,-0.4955373959925272
15.56399541190702,-0.49536897876470926
15.57900408636402,-0.4938736612591105
15.594012760821018,-0.49506237901417954
15.609021435278015,-0.505796042323766
15.624030109735013,-0.49273725224502396
15.639038784192012,-0.49274261081906223
15.65404745864901,-0.496391985836942
15.669056133106007,-0.5039534211309756
15.684064807563006,-0.502576503527301
15.699073482020005,-0.5127205160287618
15.714082156477001,-0.5127218391642298
15.729090830934,-0.510127960032995
15.744099505390999,-0.5061158302794593
15.759108179847996,-0.4990997214469494
15.774116854304994,-0.518723537213777
15.789125528761993,-0.5269634348846326
15.804134203218991,-0.5360600047560318
15.819142877675988,-0.5402849348428889
15.834151552132987,-0.5414750867037166
15.849160226589985,-0.541476316725741
15.864168901046982,-0.5452222415913159
15.87917757550398,-0.5512155653194972
15.89418624996098,-0.5483676132941544
15.909194924417978,-0.5471748757711264
15.924203598874975,-0.5470027627304601
15.939212273331973,-0.5472735119002308
15.954220947788972,-0.54727469167895
15.969229622245969,-0.540881227793514
15.984238296702967,-0.5205034757830209
15.999246971159966,-0.4989596885112909
16.014255645616963,-0.4964094751561474
16.029264320073963,-0.4964107039716984
16.04427299453096,-0.49171957203311684
16.059281668987957,-0.4986048780251267
16.074290343444957,-0.5055618323314163
16.089299017901954,-0.5082078999282718
16.10430769235895,-0.5082090678768187
16.11931636681595,-0.5103567686383581
16.134325041272948,-0.5135780936961554
16.149333715729945,-0.5168467182248084
16.164342390186945,-0.5189748473829829
16.179351064643942,-0.5429767675491655
16.194359739100943,-0.5506225376787965
16.20936841355794,-0.5641229020428833
16.224377088014936,-0.5670875348324561
16.239385762471937,-0.5684449656645126
16.254394436928933,-0.565986937207003
16.26940311138593,-0.5623957020691775
16.28441178584293,-0.5668099545489482
16.299420460299928,-0.5684189523224319
16.314429134756924,-0.5700783401136613
16.329437809213925,-0.5683833452642821
16.34444648367092,-0.5664412892346924
16.35945515812792,-0.5757184499134532
16.37446383258492,-0.5777740508768423
16.389472507041916,-0.5777750327065917
16.404481181498916,-0.5776753733953583
16.419489855955913,-0.5765746640639406
16.43449853041291,-0.5757800532047432
16.44950720486991,-0.5797257280046658
16.464515879326907,-0.5808430894483493
16.479524553783904,-0.5789504405585696
16.494533228240904,-0.5683927559885373
16.5095419026979,-0.5705451795044839
16.524550577154898,-0.5725236634632823
16.539559251611898,-0.5725246158192274
16.554567926068895,-0.5722068033392268
16.56957660052589,-0.5659293359592595
16.584585274982892,-0.5754124852759515
16.59959394943989,-0.5839775461900284
16.61460262389689,-0.5950476696080351
16.629611298353886,-0.5940072625619427
16.644619972810883,-0.5929197777826715
16.659628647267883,-0.5929206794500341
16.67463732172488,-0.5945252646337562
16.689645996181877,-0.6134274065437255
16.704654670638877,-0.6099960731799058
16.719663345095874,-0.5876767014327889
16.73467201955287,-0.5849534840118212
16.74968069400987,-0.573221373646077
16.76468936846687,-0.572088699439155
16.779698042923865,-0.5715084019027908
16.794706717380866,-0.5761880179259393
16.809715391837862,-0.5772421969726018
16.82472406629486,-0.5807161481810319
16.83973274075186,-0.5822389199487374
16.854741415208856,-0.5911067039380553
16.869750089665857,-0.5911127995533874
16.884758764122854,-0.5911136813252544
16.89976743857985,-0.5911145585118898
16.91477611303685,-0.5933449480612148
16.929784787493848,-0.5871330206932601
16.944793461950844,-0.5824012788360667
16.959802136407845,-0.5820999475869476
16.97481081086484,-0.5792341128088684
16.98981948532184,-0.5807190003611036
17.00482815977884,-0.5804551543645528
17.019836834235836,-0.5757963712776596
17.034845508692833,-0.5600278322491731
17.049854183149833,-0.5581961062279128
17.06486285760683,-0.5586111028599935
17.07987153206383,-0.5618123306610393
17.094880206520827,-0.5639901794295081
17.109888880977824,-0.5639926439577149
17.124897555434824,-0.5699749088743497
17.13990622989182,-0.5792889716252699
17.154914904348818,-0.5740611573255152
17.169923578805818,-0.5750826775735565
17.184932253262815,-0.5750967947855821
17.199940927719812,-0.5697218555577069
17.214949602176812,-0.5681473659125132
17.22995827663381,-0.5686083099631026
17.244966951090806,-0.5768046570744108
17.259975625547806,-0.5776769196488862
17.274984300004803,-0.5773226253688133
17.289992974461803,-0.5762669531901479
17.3050016489188,-0.5708963152580137
17.320010323375797,-0.5691441210450138
17.335018997832798,-0.5725620759571011
17.350027672289794,-0.5738683750949374
17.36503634674679,-0.5731686466235155
17.38004502120379,-0.5658397574682756
17.39505369566079,-0.5687094286546216
17.410062370117785,-0.5726242476013039
17.425071044574786,-0.5679047029878568
17.440079719031782,-0.5638622036931832
17.45508839348878,-0.56462999597519
17.47009706794578,-0.5686248120215406
17.485105742402776,-0.5632992047417442
17.500114416859773,-0.5600512155746012
17.515123091316774,-0.5568470464601638
17.53013176577377,-0.555769682080441
17.54514044023077,-0.5573130605972205
17.560149114687768,-0.5680710302609134
17.575157789144765,-0.579413087763121
17.590166463601765,-0.5797867697596392
17.60517513805876,-0.5832416346275632
17.62018381251576,-0.5831559645723365
17.63519248697276,-0.5779842652374951
17.650201161429756,-0.5760929747032306
17.665209835886753,-0.5763125310720577
17.680218510343753,-0.5822847477345673
17.69522718480075,-0.5855737006617099
17.710235859257747,-0.5885153174977156
17.725244533714747,-0.6040567415186235
17.740253208171744,-0.6033123112449684
17.755261882628744,-0.5990583107229034
17.77027055708574,-0.6063933402853698
17.785279231542738,-0.6092818213799445
17.80028790599974,-0.6092824594405478
17.815296580456735,-0.6097517394527819
17.830305254913732,-0.613080848348242
17.845313929370732,-0.6114455587200323
17.86032260382773,-0.6066977165109384
17.875331278284726,-0.6029089660290813
17.890339952741726,-0.5969553942201017
17.905348627198723,-0.6010951275829497
17.92035730165572,-0.604892463761292
17.93536597611272,-0.6102072107498936
17.950374650569717,-0.6130159071672746
17.965383325026714,-0.6123014121441451
17.980391999483714,-0.6121088427433325
17.99540067394071,-0.604813361018756
18.01040934839771,-0.6041797020382245
18.02541802285471,-0.6041803180732793
18.040426697311705,-0.6041809236145941
18.055435371768706,-0.5983936122207315
18.070444046225703,-0.5957588115917685
18.0854527206827,-0.6006457355072161
18.1004613951397,-0.5973492890060268
18.115470069596697,-0.5973508081521217
18.130478744053693,-0.5949955841316652
18.145487418510694,-0.5917349703300856
18.16049609296769,-0.5898917433937187
18.175504767424687,-0.5857033692261634
18.190513441881688,-0.5831669363066798
18.205522116338685,-0.581683158844779
18.220530790795685,-0.5816837567236899
18.235539465252682,-0.5812229214616264
18.25054813970968,-0.5800651731591335
18.26555681416668,-0.5789817290067639
18.280565488623676,-0.573892113501557
18.295574163080673,-0.5760349203909574
18.310582837537673,-0.581862835179579
18.32559151199467,-0.5913551677571999
18.340600186451667,-0.6098726249183052
18.355608860908667,-0.6115224495849986
18.370617535365664,-0.6139104372438855
18.38562620982266,-0.6139109723867981
18.40063488427966,-0.6139115027237146
18.415643558736658,-0.6056749620049399
18.43065223319366,-0.5865203083536781
18.445660907650655,-0.5793827512248042
18.460669582107652,-0.588840280788491
18.475678256564652,-0.5911500082980314
18.49068693102165,-0.5905909826401521
18.505695605478646,-0.5857835562066505
18.520704279935646,-0.5848186656155401
18.535712954392643,-0.5852529150952922
18.55072162884964,-0.5860751174912847
18.56573030330664,-0.5909188203230122
18.580738977763637,-0.57552582845759
18.595747652220634,-0.5677224883054862
18.610756326677635,-0.5748131373278736
18.62576500113463,-0.5749114926752448
18.64077367559163,-0.5749120188570102
18.65578235004863,-0.5670798345628316
18.670791024505625,-0.5572061113246576
18.685799698962626,-0.5572066475811303
18.700808373419623,-0.5525332092739005
18.71581704787662,-0.5517727606635946
18.73082572233362,-0.5509312011154306
18.745834396790617,-0.5499369461530503
18.760843071247614,-0.5529103261406026
18.775851745704614,-0.5621769754303463
18.79086042016161,-0.568360060083088
18.805869094618608,-0.5626706533971955
18.820877769075608,-0.5629129311596212
18.835886443532605,-0.5668744249207585
18.8508951179896,-0.5669399076327032
18.865903792446602,-0.5834165822115113
18.8809124669036,-0.5834173085342971
18.8959211413606,-0.5682248518929915
18.910929815817596,-0.5674305881035847
18.925938490274593,-0.5755335206942961
18.940947164731593,-0.5764683198832976
18.95595583918859,-0.5763999895783161
18.970964513645587,-0.5763750300554619
18.985973188102587,-0.5637818661975668
19.000981862559584,-0.5608646265910436
19.01599053701658,-0.560865091433019
19.03099921147358,-0.5713511729587343
19.046007885930578,-0.5797482761200736
19.061016560387575,-0.5818697033449777
19.076025234844575,-0.5828587741946709
19.091033909301572,-0.563949396883067
19.106042583758573,-0.5693599654624092
19.12105125821557,-0.5693610008904945
19.136059932672566,-0.5669093515483028
19.151068607129567,-0.56582264267635
19.166077281586563,-0.5658629266465065
19.18108595604356,-0.5658791324071656
19.19609463050056,-0.5657107259889377
19.211103304957557,-0.5682399528045055
19.226111979414554,-0.5683725764757651
19.241120653871555,-0.5696106410474755
19.25612932832855,-0.5726338755298345
19.27113800278555,-0.5677405821090591
19.28614667724255,-0.5485540960754156
19.301155351699546,-0.5436118592676222
19.316164026156542,-0.5524162008156451
19.331172700613543,-0.5524171419476908
19.34618137507054,-0.5605731406562521
19.36119004952754,-0.5734689516730063
19.376198723984537,-0.576252492150773
19.391207398441534,-0.5771258085118962
19.406216072898534,-0.5783265739224431
19.42122474735553,-0.578095371063787
19.436233421812528,-0.5735515460812368
19.451242096269528,-0.5735521271563622
19.466250770726525,-0.5781829038534553
19.48125944518352,-0.5804055280089098
19.496268119640522,-0.5827941694307763
19.51127679409752,-0.5882884449098376
19.526285468554516,-0.5882887929744188
19.541294143011516,-0.5898666339497082
19.556302817468513,-0.5899854792263493
19.571311491925513,-0.5858984798494357
19.58632016638251,-0.5826560243477914
19.601328840839507,-0.578696775952034
19.616337515296507,-0.5612361521170455
19.631346189753504,-0.5612365224215985
19.6463548642105,-0.565746849940672
19.6613635386675,-0.5667908345274427
19.6763722131245,-0.5688970169236823
19.691380887581495,-0.57158453427872
19.706389562038495,-0.5716504292486637
19.721398236495492,-0.5725706191619079
19.73640691095249,-0.5725711000527416
19.75141558540949,-0.579790740925073
19.766424259866486,-0.5829748257057656
19.781432934323487,-0.5787945479551744
19.796441608780484,-0.5699620415140348
19.81145028323748,-0.5699623770102838
19.82645895769448,-0.5441471372963819
19.841467632151478,-0.5427467615803903
19.856476306608474,-0.5436911205487566
19.871484981065475,-0.5443876167222728
19.88649365552247,-0.5447319411107309
19.90150232997947,-0.5460839745867329
19.91651100443647,-0.5460843286577645
19.931519678893466,-0.5655219703703583
19.946528353350462,-0.5694928717637021
19.961537027807463,-0.5605890263408816
19.97654570226446,-0.5500404185852013
19.991554376721457,-0.550040758531197
20.006563051178457,-0.5500410974278429
20.021571725635454,-0.5500414331167567
20.036580400092454,-0.536719923943769
20.05158907454945,-0.5230776158243607
20.066597749006448,-0.5195984342291374
20.081606423463448,-0.5221177434286585
20.096615097920445,-0.5270389803919797
20.111623772377442,-0.5270179525726396
20.126632446834442,-0.5290770949315331
20.14164112129144,-0.5290784663926583
20.156649795748436,-0.5270809232652508
20.171658470205436,-0.525333346998366
20.186667144662433,-0.5233299746041
20.20167581911943,-0.5173423323791404
20.21668449357643,-0.5111482135238018
20.231693168033427,-0.49533463086039375
20.246701842490427,-0.4965725741169103
20.261710516947424,-0.497255902404112
20.27671919140442,-0.49725629332090227
20.29172786586142,-0.49400694168802534
20.30673654031842,-0.48915159285565096
20.321745214775415,-0.5113449891672351
20.336753889232416,-0.5048202211868261
20.351762563689412,-0.5031109447818856
20.36677123814641,-0.501436545571309
20.38177991260341,-0.5001953249516179
20.396788587060406,-0.48988754247531485
20.411797261517403,-0.49054166090674484
20.426805935974404,-0.49504851464468375
20.4418146104314,-0.49669849219828527
20.4568232848884,-0.5063444092957844
20.471831959345398,-0.5044937826189756
20.486840633802395,-0.4951539567749931
20.501849308259395,-0.49744683824159014
20.51685798271639,-0.5075698717475008
20.53186665717339,-0.5097876722187312
20.54687533163039,-0.5184508853741024
20.561884006087386,-0.5184528321946782
20.576892680544383,-0.5184531695346267
20.591901355001383,-0.520395908198108
20.60691002945838,-0.5232363067882413
20.621918703915377,-0.5380641883370538
20.636927378372377,-0.5455572695114852
20.651936052829374,-0.5385282278869142
20.66694472728637,-0.5379376599873154
20.68195340174337,-0.5379379521710652
20.696962076200368,-0.5360937010460629
20.71197075065737,-0.5339353847723628
20.726979425114365,-0.533935683246573
20.741988099571362,-0.5302103123513122
20.756996774028362,-0.5334566705181208
20.77200544848536,-0.539894970894376
20.787014122942356,-0.5431991596118759
20.802022797399356,-0.5427225317933988
20.817031471856353,-0.5374708079311643
20.83204014631335,-0.5378254234627763
20.84704882077035,-0.5404146284777073
20.862057495227347,-0.5597611660429039
20.877066169684344,-0.5601502123112266
20.892074844141344,-0.559226330451348
20.90708351859834,-0.5578378033024592
20.92209219305534,-0.5500733233941937
20.93710086751234,-0.5429947355054081
20.952109541969335,-0.5463746127794553
20.967118216426336,-0.5482210112091281
20.982126890883332,-0.5395872799812761
20.99713556534033,-0.537014209886117
21.01214423979733,-0.5258047561077996
21.027152914254327,-0.5244806874950781
21.042161588711323,-0.5244809976629641
21.057170263168324,-0.524481308043598
21.07217893762532,-0.5257602890195486
21.087187612082317,-0.5255720374045382
21.102196286539318,-0.5187893895475091
21.117204960996315,-0.5050739070511522
21.13221363545331,-0.5010363566810719
21.147222309910312,-0.5036343727658786
21.16223098436731,-0.4992413688008863
21.17723965882431,-0.48945476331211196
21.192248333281306,-0.48847989493689226
21.207257007738303,-0.4884814223434494
21.222265682195303,-0.4881185967834772
21.2372743566523,-0.49160257527722523
21.252283031109297,-0.49462215793957326
21.267291705566297,-0.4869207856923428
21.282300380023294,-0.4909858197983321
21.29730905448029,-0.49226572991954415
21.31231772893729,-0.48723548751851165
21.327326403394288,-0.5052190154780644
21.342335077851285,-0.5100213430077108
21.357343752308285,-0.5098707304706241
21.372352426765282,-0.5096993349387408
21.387361101222282,-0.5127848891711938
21.40236977567928,-0.5070855814557017
21.417378450136276,-0.5179559345698349
21.432387124593276,-0.5216990296466228
21.447395799050273,-0.5222732138552519
21.46240447350727,-0.5287871635500189
21.47741314796427,-0.5350635821885648
21.492421822421267,-0.5336236470881743
21.507430496878264,-0.5326519282235532
21.522439171335265,-0.5296332361095067
21.53744784579226,-0.5190362556062015
21.552456520249258,-0.5127061777909144
21.56746519470626,-0.5194011821119912
21.582473869163255,-0.5194015191077946
21.597482543620256,-0.5166610508067035
21.612491218077253,-0.5120092390099759
21.62749989253425,-0.5045194555983546
21.64250856699125,-0.4935531644265093
21.657517241448247,-0.49215021681217597
21.672525915905243,-0.4921506367645679
21.687534590362244,-0.4908637721673596
21.70254326481924,-0.48982779442225793
21.717551939276238,-0.49077041948893185
21.732560613733238,-0.5022780090195386
21.747569288190235,-0.50273594740873
21.76257796264723,-0.5045345823298625
21.777586637104232,-0.5045349785678457
21.79259531156123,-0.5136318142701721
21.807603986018226,-0.5143451212945755
21.822612660475226,-0.5190927109184915
21.837621334932223,-0.5216307387164418
21.852630009389223,-0.5199427775493956
21.86763868384622,-0.5171423345193066
21.882647358303217,-0.5172527297798821
21.897656032760217,-0.518242981327227
21.912664707217214,-0.5182433503833821
21.92767338167421,-0.513651390439894
21.94268205613121,-0.5126759173575431
21.957690730588208,-0.5251513434827723
21.972699405045205,-0.5353980143491123
21.987708079502205,-0.5353983978253858
22.002716753959202,-0.5354010370220914
22.0177254284162,-0.5354048614674695
22.0327341028732,-0.5354042042827902
22.047742777330196,-0.5354044912761317
22.062751451787197,-0.534165805435255
22.077760126244193,-0.5316377720330292
22.09276880070119,-0.5215729694428257
22.10777747515819,-0.5139098735967219
22.122786149615187,-0.5209314295577417
22.137794824072184,-0.5236879311419181
22.152803498529185,-0.5218118278015698
22.16781217298618,-0.5172750043863193
22.18282084744318,-0.5161904422745541
22.19782952190018,-0.516220053670604
22.212838196357175,-0.517809450709944
22.227846870814172,-0.513717948901307
22.242855545271173,-0.5150862646880032
22.25786421972817,-0.5207969510019689
22.27287289418517,-0.5224053123000117
22.287881568642167,-0.5247537850142354
22.302890243099164,-0.5324221954351824
22.317898917556164,-0.5488607213362946
22.33290759201316,-0.5464175080400004
22.347916266470158,-0.5388129694716899
22.362924940927158,-0.5427029820825362
22.377933615384155,-0.5619245139897671
22.39294228984115,-0.5626704910938786
22.407950964298152,-0.5699096977810375
22.42295963875515,-0.5697565872888593
22.437968313212146,-0.5616250498862866
22.452976987669146,-0.5616254016870863
22.467985662126143,-0.5558923924172422
22.48299433658314,-0.5555503855296751
22.49800301104014,-0.555550687684249
22.513011685497137,-0.5606088300672932
22.528020359954137,-0.5613958910635249
22.543029034411134,-0.5613961753641202
22.55803770886813,-0.5519267126371286
22.57304638332513,-0.5493673411435821
22.588055057782128,-0.549367675109362
22.603063732239125,-0.5524398827538264
22.618072406696125,-0.5537013248138926
22.633081081153122,-0.5537016471697722
22.64808975561012,-0.5521983875840523
22.66309843006712,-0.5513190395798159
22.678107104524116,-0.5513193761235944
22.693115778981113,-0.5379348649785854
22.708124453438113,-0.5270966512566085
22.72313312789511,-0.5270970891125544
22.73814180235211,-0.5287985558452414
22.753150476809108,-0.5306845906240927
22.768159151266104,-0.530685022466596
22.783167825723105,-0.5341009759381302
22.7981765001801,-0.5393077305238941
22.8131851746371,-0.5393081353220963
22.8281938490941,-0.5418681236324918
22.843202523551096,-0.546925401517641
22.858211198008092,-0.5469257819859117
22.873219872465093,-0.5470716791366074
22.88822854692209,-0.5474546751699143
22.903237221379086,-0.5474550600094725
22.918245895836087,-0.5471926403117697
22.933254570293084,-0.54623972210634
22.948263244750084,-0.5462401188646996
22.96327191920708,-0.5454451280828201
22.978280593664078,-0.5411377902110556
22.993289268121078,-0.5411382161335855
23.008297942578075,-0.5411548784746288
23.02330661703507,-0.5413102469460992
23.038315291492072,-0.5413107889196823
23.05332396594907,-0.5422029461026463
23.068332640406066,-0.5663310987296064
23.083341314863066,-0.5663314975076658
23.098349989320063,-0.5663318287748266
23.11335866377706,-0.5650782208495324
23.12836733823406,-0.5650472223179529
23.143376012691057,-0.5650475647251091
23.158384687148054,-0.5456272850002786
23.173393361605054,-0.5438342025534313
23.18840203606205,-0.5438346480387325
23.20341071051905,-0.5598419744733358
23.21841938497605,-0.5625486131317509
23.233428059433045,-0.5625489801870825
23.248436733890046,-0.5618381365302542
23.263445408347042,-0.561655545836198
23.27845408280404,-0.5616559234930606
23.29346275726104,-0.5762088680474892
23.308471431718036,-0.5814500478988831
23.323480106175033,-0.5814503377499968
23.338488780632034,-0.5608145204118408
23.35349745508903,-0.5508816285721201
23.368506129546027,-0.5508820703191778
23.383514804003028,-0.5494089571131469
23.398523478460024,-0.5484872407412366
23.413532152917025,-0.548487702905855
23.42854082737402,-0.5473225925101501
23.44354950183102,-0.5463885119022395
23.45855817628802,-0.5442712329516586
23.473566850745016,-0.5331434697707322
23.488575525202013,-0.5349544592642145
23.503584199659013,-0.534877853995402
23.51859287411601,-0.5217999560284133
23.533601548573007,-0.5198577804587933
23.548610223030007,-0.5241319496026491
23.563618897487004,-0.525451579434251
23.578627571944,-0.5292938563936498
23.593636246401,-0.5281469280556921
23.608644920857998,-0.5312220233514272
23.623653595314998,-0.5355508394328212
23.638662269771995,-0.5424183195120029
23.653670944228992,-0.5433976792401025
23.668679618685992,-0.5430428094172605
23.68368829314299,-0.5317880931709087
23.698696967599986,-0.5205981682170522
23.713705642056986,-0.5216754689212486
23.728714316513983,-0.5324624018054183
23.74372299097098,-0.534846893902787
23.75873166542798,-0.5334559802066919
23.773740339884977,-0.5417094127930258
23.788749014341974,-0.5562036808602369
23.803757688798974,-0.5633129693561508
23.81876636325597,-0.5647623417989913
23.833775037712968,-0.5652210413881906
23.84878371216997,-0.5530542027356175
23.863792386626965,-0.5478088533225741
23.878801061083966,-0.5313157896726529
23.893809735540962,-0.5219488405596453
23.90881840999796,-0.5264962369896367
23.92382708445496,-0.5298321585664627
23.938835758911956,-0.5298328728795488
23.953844433368953,-0.5366337007116072
23.968853107825954,-0.5435693807408639
23.98386178228295,-0.5435700294135716
23.998870456739947,-0.5402689831649454
24.013879131196948,-0.5355823035251664
24.028887805653945,-0.5355830168056708
24.04389648011094,-0.5374294069434756
24.05890515456794,-0.5411523927466718
24.07391382902494,-0.5415063950621573
24.08892250348194,-0.5386690286005174
24.103931177938936,-0.5339331469970476
24.118939852395933,-0.5367494651445439
24.133948526852933,-0.5367503006092783
24.14895720130993,-0.538853657002766
24.163965875766927,-0.5418347093440076
24.178974550223927,-0.5370999069930301
24.193983224680924,-0.5265352691265592
24.20899189913792,-0.5245994183300097
24.22400057359492,-0.5286353432971346
24.239009248051918,-0.5371744805223337
24.254017922508915,-0.5452060325364103
24.269026596965915,-0.555339903618664
24.284035271422912,-0.555340584089693
24.299043945879912,-0.5525453762324531
24.31405262033691,-0.5375249484758778
24.329061294793906,-0.5256775381411194
24.344069969250906,-0.5321462543934421
24.359078643707903,-0.543247870845888
24.3740873181649,-0.5538556447062637
24.3890959926219,-0.5538562328469288
24.404104667078897,-0.5537705914900963
24.419113341535894,-0.5534739342371978
24.434122015992894,-0.5654621221725061
24.44913069044989,-0.5571715964219801
24.464139364906888,-0.5515275455085987
24.47914803936389,-0.5500639082220296
24.494156713820885,-0.5488582093683586
24.509165388277882,-0.5545320514809898
24.524174062734883,-0.5600706133056368
24.53918273719188,-0.5606836466752603
24.55419141164888,-0.560584438694539
24.569200086105877,-0.5549797402297117
24.584208760562873,-0.5506982179042716
24.599217435019874,-0.554477609441429
24.61422610947687,-0.5564632177912334
24.629234783933867,-0.5565957483483238
24.644243458390868,-0.5574429111420336
24.659252132847865,-0.5591639591567912
24.67426080730486,-0.5606458650950973
24.689269481761862,-0.5593987087908835
24.70427815621886,-0.5565043806434438
24.719286830675856,-0.5550278554121209
24.734295505132856,-0.5507470326897724
24.749304179589853,-0.5152595358852794
24.764312854046853,-0.49973047067984677
24.77932152850385,-0.4958687994055936
24.794330202960847,-0.503229944431709
24.809338877417847,-0.5032312818469833
24.824347551874844,-0.5046109583216323
24.83935622633184,-0.5082663177424392
24.85436490078884,-0.5149158930203543
24.869373575245838,-0.5195470922134875
24.884382249702835,-0.5136666609415464
24.899390924159835,-0.5111785365943501
24.914399598616832,-0.5110934699360025
24.92940827307383,-0.5110948074255706
24.94441694753083,-0.518597723811268
24.959425621987826,-0.5226601879353575
24.974434296444826,-0.5231182985152428
24.989442970901823,-0.5323340948008779
25.00445164535882,-0.5351072341597162
25.01946031981582,-0.5310909159129019
25.034468994272817,-0.5269427772194858
25.049477668729814,-0.53434187227327
25.064486343186815,-0.5422277733634417
25.07949501764381,-0.542638211856881
25.094503692100808,-0.5449447362693634
25.10951236655781,-0.5457283851341174
25.124521041014805,-0.5507730202186181
25.139529715471802,-0.5659526317243866
25.154538389928803,-0.5776495961691742
25.1695470643858,-0.581137484673833
25.184555738842796,-0.5738648305997655
25.199564413299797,-0.5674970236919089
25.214573087756794,-0.5673158260994348
25.229581762213794,-0.5716643530073923
25.24459043667079,-0.5866708091237841
25.259599111127788,-0.5888980480153756
25.274607785584788,-0.5900205637954742
25.289616460041785,-0.5945157863538858
25.30462513449878,-0.5965416182640485
25.319633808955782,-0.615573357274507
25.33464248341278,-0.6173145032407831
25.349651157869776,-0.6178807836784912
25.364659832326776,-0.6178813117218205
25.379668506783773,-0.6207788467672976
25.39467718124077,-0.6248046286198782
25.40968585569777,-0.6320813343257632
25.424694530154767,-0.6396908801228771
25.439703204611767,-0.6381719155547267
25.454711879068764,-0.6347519576325881
25.46972055352576,-0.6347522872970814
25.48472922798276,-0.6382658270695944
25.499737902439758,-0.6442787709200628
25.514746576896755,-0.647429434319468
25.529755251353755,-0.6570157389468715
25.544763925810752,-0.657015048118086
25.55977260026775,-0.659747928860739
25.57478127472475,-0.6645388801384394
25.589789949181746,-0.6706347782157394
25.604798623638743,-0.678092052329169
25.619807298095743,-0.6772977371377981
25.63481597255274,-0.6715293221827657
25.649824647009737,-0.6713477514041662
25.664833321466737,-0.6703298759071179
25.679841995923734,-0.6700425433010306
25.694850670380735,-0.6687496548477683
25.70985934483773,-0.6700747055123542
25.72486801929473,-0.6749885738749766
25.73987669375173,-0.6739834394485394
25.754885368208726,-0.6708480930831716
25.769894042665722,-0.6676285833795601
25.784902717122723,-0.6590633847402536
25.79991139157972,-0.6582197402300057
25.814920066036716,-0.6562813603877371
25.829928740493717,-0.656281318695585
25.844937414950714,-0.6562812720397877
25.85994608940771,-0.6574570260592181
25.87495476386471,-0.6738669732752742
25.889963438321708,-0.6738660362038873
25.904972112778708,-0.673865751627232
25.919980787235705,-0.6775711210026848
25.9349894616927,-0.6820697012942099
25.949998136149702,-0.6824804328595229
25.9650068106067,-0.6794501966989057
25.980015485063696,-0.6794498043513225
25.995024159520696,-0.6816039350120336
26.010032833977693,-0.6791728409471349
26.02504150843469,-0.6688720584695613
26.04005018289169,-0.6633365774919708
26.055058857348687,-0.6615076802586475
26.070067531805684,-0.6628811728596075
26.085076206262684,-0.6628800890073208
26.10008488071968,-0.6628798425971698
26.11509355517668,-0.6631717082388062
26.13010222963368,-0.663307024246808
26.145110904090675,-0.663398493460693
26.160119578547675,-0.6633693930853606
26.175128253004672,-0.6492573424350996
26.19013692746167,-0.6443413501170839
26.20514560191867,-0.6442175631782715
26.220154276375666,-0.6488313335947246
26.235162950832663,-0.6523042921246609
26.250171625289664,-0.654903246746527
26.26518029974666,-0.6607444570569916
26.280188974203657,-0.6607429415869066
26.295197648660658,-0.6607426362991102
26.310206323117654,-0.6589547860218071
26.32521499757465,-0.6557024966202813
26.34022367203165,-0.6451096702033525
26.35523234648865,-0.6426542075928352
26.37024102094565,-0.6424968590153346
26.385249695402646,-0.6440907117507729
26.400258369859642,-0.6520001250317912
26.415267044316643,-0.6481869239004137
26.43027571877364,-0.6542002984784403
26.445284393230637,-0.6591429586124073
26.460293067687637,-0.6595663598391329
26.475301742144634,-0.6597893069983484
26.49031041660163,-0.662776950482623
26.50531909105863,-0.6726210234296417
26.520327765515628,-0.6720835820944323
26.535336439972625,-0.6695123926167876
26.550345114429625,-0.6629468324758914
26.565353788886622,-0.6587110789642998
26.580362463343622,-0.6489059845230338
26.59537113780062,-0.6573615020754221
26.610379812257616,-0.6569063259104055
26.625388486714616,-0.6387098651830031
26.640397161171613,-0.6486493680476618
26.65540583562861,-0.6509276433675057
26.67041451008561,-0.6423323602244688
26.685423184542607,-0.6423316829989498
26.700431858999604,-0.6421233425956603
26.715440533456604,-0.639147917804697
26.7304492079136,-0.6375891158056985
26.745457882370598,-0.6357885197792094
26.7604665568276,-0.6346698269135086
26.775475231284595,-0.6358934596103926
26.790483905741596,-0.6469372539660523
26.805492580198592,-0.650313459678607
26.82050125465559,-0.655386388530422
26.83550992911259,-0.6543119985167933
26.850518603569586,-0.6489513623493123
26.865527278026583,-0.6505142303669593
26.880535952483584,-0.6430803194619582
26.89554462694058,-0.6430798006565173
26.910553301397577,-0.6437458226316157
26.925561975854578,-0.6520733945172188
26.940570650311574,-0.6605337018296761
26.95557932476857,-0.6605331065345039
26.97058799922557,-0.6606302420269223
26.98559667368257,-0.666488697878686
27.000605348139565,-0.6672655309594323
27.015614022596566,-0.6672643130139642
27.030622697053563,-0.6673614270490914
27.045631371510563,-0.6712663836927354
27.06064004596756,-0.6738436583138124
27.075648720424557,-0.6738016481147356
27.090657394881557,-0.6619465406283725
27.105666069338554,-0.6646854637782948
27.12067474379555,-0.6633721250886968
27.13568341825255,-0.6617670419447124
27.150692092709548,-0.6579928839902154
27.165700767166545,-0.6537408765252853
27.180709441623545,-0.6507049753626649
27.195718116080542,-0.6507043968231399
27.21072679053754,-0.6521512865144828
27.22573546499454,-0.6533543261246555
27.240744139451536,-0.646936379659112
27.255752813908536,-0.6501666746306707
27.270761488365533,-0.6571210678356085
27.28577016282253,-0.656126033509071
27.30077883727953,-0.6653579009448867
27.315787511736527,-0.6653568464516382
27.330796186193524,-0.6653450893544228
27.345804860650524,-0.6648681741931932
27.36081353510752,-0.6657273182969166
27.375822209564518,-0.6667654567839534
27.39083088402152,-0.661510785940039
27.405839558478515,-0.6541103943820067
27.420848232935512,-0.6435336719970512
27.435856907392512,-0.6435329646038392
27.45086558184951,-0.6539123652932053
27.46587425630651,-0.6539902792560632
27.480882930763507,-0.6827568147083697
27.495891605220503,-0.6841483908579677
27.510900279677504,-0.6776979791161486
27.5259089541345,-0.6770988605964052
27.540917628591497,-0.6901409438144329
27.555926303048498,-0.69197719785118
27.570934977505495,-0.6809690051121385
27.58594365196249,-0.678836194462836
27.600952326419492,-0.6788350699368287
27.61596100087649,-0.6788339044119162
27.630969675333485,-0.6778221131568565
27.645978349790486,-0.6731047566564936
27.660987024247483,-0.6707396784686478
27.67599569870448,-0.6760138292961496
27.69100437316148,-0.6727634192581252
27.706013047618477,-0.666648335246895
27.721021722075477,-0.668439738663152
27.736030396532474,-0.6684387007931532
27.75103907098947,-0.6676363741906072
27.76604774544647,-0.6729728517623459
27.781056419903468,-0.6818903096094077
27.796065094360465,-0.6804014581145059
27.811073768817465,-0.6804958168512127
27.826082443274462,-0.6807732600995383
27.84109111773146,-0.6796487338615352
27.85609979218846,-0.6753635623201126
27.871108466645456,-0.675541583177541
27.886117141102453,-0.6764803114658681
27.901125815559453,-0.6627655966061243
27.91613449001645,-0.6603066081791926
27.93114316447345,-0.6618637157915825
27.946151838930447,-0.6702994379000805
27.961160513387444,-0.6784642310966638
27.976169187844445,-0.6790308588208915
27.99117786230144,-0.6816617522078294
28.006186536758438,-0.6928291250810255
28.02119521121544,-0.6873573506983799
28.036203885672435,-0.6823644944536914
28.051212560129432,-0.6823632105509114
28.066221234586433,-0.6823619064667139
28.08122990904343,-0.6780670772530981
28.096238583500426,-0.6740871838615683
28.111247257957427,-0.6637243968981101
28.126255932414423,-0.6598796450492912
28.141264606871424,-0.6579145579875025
28.15627328132842,-0.6613025768229313
28.171281955785417,-0.6608015163903408
28.186290630242418,-0.6602570874523175
28.201299304699415,-0.6588036123794327
28.21630797915641,-0.6558131237897424
28.231316653613412,-0.6466909770669391
28.24632532807041,-0.6438546975411734
28.261334002527406,-0.6601308470183833
28.276342676984406,-0.6601298163431419
28.291351351441403,-0.6601287937146447
28.3063600258984,-0.657131823386899
28.3213687003554,-0.6560223003506845
28.336377374812397,-0.6569847545130074
28.351386049269394,-0.6640390718595718
28.366394723726394,-0.6914987784416508
28.38140339818339,-0.686561889070262
28.39641207264039,-0.6860437874896206
28.411420747097388,-0.6971774881407836
28.426429421554385,-0.6976406315768954
28.441438096011385,-0.7020213265856468
28.456446770468382,-0.7019418744440686
28.47145544492538,-0.7015485641622432
28.48646411938238,-0.7019676125304958
28.501472793839376,-0.7032182036392005
28.516481468296373,-0.7032179565443601
28.531490142753373,-0.7054307431723145
28.54649881721037,-0.7066464683892366
28.561507491667367,-0.6907270737742172
28.576516166124367,-0.6847103036753439
28.591524840581364,-0.6626767280460212
28.606533515038365,-0.6573784243415857
28.62154218949536,-0.6640398027071156
28.63655086395236,-0.6648906424941232
28.65155953840936,-0.6488895773536592
28.666568212866355,-0.6474012075606974
28.681576887323352,-0.6284964648600627
28.696585561780353,-0.6265263088266531
28.71159423623735,-0.613098942477633
28.726602910694346,-0.6139734615257436
28.741611585151347,-0.6172965709050274
28.756620259608344,-0.617296038934284
28.77162893406534,-0.6172955321125593
28.78663760852234,-0.6159543965685724
28.801646282979338,-0.6059000917645103
28.816654957436334,-0.6141342077302471
28.831663631893335,-0.6207002962088934
28.84667230635033,-0.6309826973979605
28.861680980807332,-0.6317646909789892
28.87668965526433,-0.6321597306667481
28.891698329721326,-0.63215905023621
28.906707004178326,-0.6300345182455155
28.921715678635323,-0.624463458603836
28.93672435309232,-0.6197186375418582
28.95173302754932,-0.6202031506186834
28.966741702006317,-0.617560213111971
28.981750376463314,-0.6142612856144067
28.996759050920314,-0.5764982201676897
29.01176772537731,-0.573568881719885
29.026776399834308,-0.5705693937026055
29.041785074291308,-0.5705694163311799
29.056793748748305,-0.5702112467072762
29.071802423205305,-0.5611368027432833
29.086811097662302,-0.562253869873217
29.1018197721193,-0.5562258922635325
29.1168284465763,-0.5518641190866791
29.131837121033296,-0.5502012050952454
29.146845795490293,-0.542227892767175
29.161854469947293,-0.5424441984660833
29.17686314440429,-0.5477150151095467
29.191871818861287,-0.5477152749864322
29.206880493318288,-0.5637393762105388
29.221889167775284,-0.5663809383396992
29.23689784223228,-0.5618085600209938
29.25190651668928,-0.5596326138415632
29.26691519114628,-0.5552680918673601
29.28192386560328,-0.5508447077687301
29.296932540060276,-0.5512433696486702
29.311941214517272,-0.5521067819606069
29.326949888974273,-0.5536875403367301
29.34195856343127,-0.5638245602131147
29.356967237888266,-0.5638246551689776
29.371975912345267,-0.579598558178825
29.386984586802264,-0.5803593212475346
29.40199326125926,-0.5957325250767784
29.41700193571626,-0.6002440253054107
29.432010610173258,-0.6069695770415404
29.447019284630255,-0.6116006527847724
29.462027959087255,-0.6085943827828931
29.47703663354425,-0.6042911424806537
29.49204530800125,-0.6050328816160697
29.50705398245825,-0.6075111240842724
29.522062656915246,-0.6075106722966673
29.537071331372246,-0.6075102537351981
29.552080005829243,-0.6101730452847892
29.56708868028624,-0.6139217593915961
29.58209735474324,-0.609033473065989
29.597106029200237,-0.6095481404905639
29.612114703657234,-0.619674934019329
29.627123378114234,-0.619678836064727
29.64213205257123,-0.6197085639367372
29.657140727028228,-0.6197085232908673
29.67214940148523,-0.6160161200108605
29.687158075942225,-0.6028914042055724
29.702166750399222,-0.5780146088077172
29.717175424856222,-0.5689468937841468
29.73218409931322,-0.5640435612568894
29.74719277377022,-0.5640436401015858
29.762201448227216,-0.5635683495571479
29.777210122684213,-0.5614768070347365
29.792218797141214,-0.570240153627605
29.80722747159821,-0.5793871414803543
29.822236146055207,-0.5805462301516334
29.837244820512208,-0.5913914970148699
29.852253494969204,-0.5946926212233417
29.8672621694262,-0.5888016341735681
29.8822708438832,-0.5842355800156159
29.8972795183402,-0.5807898237573846
29.912288192797195,-0.5767112889191177
29.927296867254196,-0.5591834379103685
29.942305541711193,-0.5529531938699148
29.957314216168193,-0.5478715987436795
29.97232289062519,-0.5478718568656176
29.987331565082187,-0.5426765806948263
